{"apn-epoch": 1, "apn-iter": 1999, "apn-loss": 0.01467745378613472, "_timestamp": 1669018322.7560797, "_runtime": 357.4230296611786, "_step": 1999, "_wandb": {"runtime": 356}}