{"apn-epoch": 0, "apn-iter": 1190, "apn-loss": 0.0516, "_timestamp": 1669017641.0928204, "_runtime": 229.34763646125793, "_step": 1190, "_wandb": {"runtime": 228}}