{"apn-epoch": 1, "apn-iter": 1999, "apn-loss": 0.010496025905013084, "_timestamp": 1669016526.630254, "_runtime": 354.92054295539856, "_step": 1999, "_wandb": {"runtime": 354}}