{"apn-epoch": 0, "apn-iter": 1061, "apn-loss": "None.Tensor.item", "_timestamp": 1668999400.3532186, "_runtime": 184.47946548461914, "_step": 1061, "_wandb": {"runtime": 183}}