{"apn-epoch": 0, "apn-iter": 1253, "apn-loss": 1254, "_timestamp": 1669017891.0770035, "_runtime": 237.51903247833252, "_step": 1253, "_wandb": {"runtime": 236}}