{"apn-epoch": 0, "apn-iter": 24, "apn-loss": 0.04246175289154053, "_timestamp": 1669272794.767536, "_runtime": 25.8489408493042, "_step": 24, "_wandb": {"runtime": 24}}