{"apn-epoch": 0, "apn-iter": 14, "apn-loss": 0.00699177011847496, "_timestamp": 1669273013.1535518, "_runtime": 20.430930852890015, "_step": 14, "_wandb": {"runtime": 18}}