{"apn-epoch": 8, "apn-iter": 12109, "apn-loss": 0.032294273376464844, "_timestamp": 1669001378.0356529, "_runtime": 1966.952621936798, "_step": 12109, "_wandb": {"runtime": 12060}}