{"apn-epoch": 1, "apn-iter": 1999, "apn-loss": 0.03604014217853546, "_timestamp": 1669015230.6093535, "_runtime": 349.5404546260834, "_step": 1999, "_wandb": {"runtime": 349}}