{"apn-epoch": 0, "apn-iter": 67, "apn-loss": "0.034410618245601654", "_timestamp": 1669017303.8980901, "_runtime": 37.03188610076904, "_step": 67, "_wandb": {"runtime": 35}}